faixa_risco,clientes,churn_real,taxa_churn_real,prob_media_churn,mensalidade_media
baixo,3779,266,0.07038899179677163,0.07892293239382965,56.70207726911881
medio,1285,365,0.2840466926070039,0.2990267928653428,68.16642023346304
alto,1057,551,0.521286660359508,0.4951815387659475,77.14706717123936
critico,922,687,0.745119305856833,0.7088743199575356,78.8515726681128
