top_percentual_clientes,clientes_abordados,churners_no_grupo,receita_preservada_estimada,custo_campanha,roi_estimado
5%,352,307,4175.1863129348285,3520.0,0.18613247526557627
10%,704,550,7479.9754791992045,7040.0,0.06249651693170519
15%,1056,768,10444.765760045433,10560.0,-0.010912333329030953
20%,1409,964,13110.357021723696,14090.0,-0.06952753571868732
30%,2113,1289,17530.34253215959,21130.0,-0.17035766530243304
